<beans xmlns="http://www.springframework.org/schema/beans"
	xmlns:xsi="http://www.w3.org/2001/XMLSchema-instance" xmlns:context="http://www.springframework.org/schema/context"
	xsi:schemaLocation="http://www.springframework.org/schema/beans
     http://www.springframework.org/schema/beans/spring-beans-3.0.xsd
     http://www.springframework.org/schema/context
     http://www.springframework.org/schema/context/spring-context-3.0.xsd">
	
<bean id="triangle" class="com.test.Triangle">
<property name="triangleName"  value = "Equilateral"></property>
<property name="sides"  value = "3"></property>
</bean>
<!-- 
<bean id="triangle1" class="com.test.Triangle">
<constructor-arg index="0" value="equi" />
<constructor-arg index="1" value="4"></constructor-arg>
</bean> -->
	 
	 
<bean id="triangle1" class="com.test.Triangle">
<constructor-arg type="String" value="equi" />
<constructor-arg type="int" value="4"></constructor-arg>
</bean>
	 
	 
</beans>